N,P,K,temperature,humidity,ph,rainfall,label
90,42,43,20.879744,82.002744,6.502985,202.935536,rice
85,58,41,21.770462,80.319644,7.038096,226.655537,rice
19,20,25,26.115274,52.044676,6.362609,127.924236,maize
60,35,40,24.0,60.0,6.5,110.0,maize
13,14,15,22.123,65.0,6.9,80.0,blackgram
11,13,12,23.15,70.5,6.7,90.0,mungbean
7,40,40,20.13,82.0,7.2,251.0,banana
50,20,30,26.0,60.0,6.5,50.0,cotton
40,50,40,27.0,75.0,6.0,120.0,grapes
30,30,30,25.0,68.0,6.4,100.0,lentil